标题,发布日期,详情链接
2025年度秋粮收购进度（2026年3月31日）,2026-04-03,https://www.lswz.gov.cn/html/zmhd/lysj/lssg-szym.shtml
2025年度秋粮收购进度（2026年2月28日）,2026-03-11,https://www.lswz.gov.cn/html/zmhd/lysj/lssg-szym.shtml
2025年度秋粮收购进度（2026年1月31日）,2026-02-04,https://www.lswz.gov.cn/html/zmhd/lysj/lssg-szym.shtml
2025年度秋粮收购进度（2025年12月31日）,2026-01-06,https://www.lswz.gov.cn/html/zmhd/lysj/lssg-szym.shtml
2025年度秋粮收购进度（2025年11月30日）,2025-12-05,https://www.lswz.gov.cn/html/zmhd/lysj/lssg-szym.shtml
2025年度秋粮收购进度（2025年10月31日）,2025-11-03,https://www.lswz.gov.cn/html/zmhd/lysj/lssg-szym.shtml
2025年度夏粮收购进度（2025年9月30日）,2025-10-17,https://www.lswz.gov.cn/html/zmhd/lysj/lssg-szym.shtml
2025年度夏粮收购进度（2025年8月31日）,2025-09-02,https://www.lswz.gov.cn/html/zmhd/lysj/lssg-szym.shtml
2025年度夏粮收购进度（2025年7月31日),2025-08-04,https://www.lswz.gov.cn/html/zmhd/lysj/lssg-szym.shtml
2025年度夏粮收购进度（2025年6月30日）,2025-07-09,https://www.lswz.gov.cn/html/zmhd/lysj/lssg-szym.shtml
2024年度秋粮收购进度（2025年4月30日）,2025-05-12,https://www.lswz.gov.cn/html/zmhd/lysj/lssg-szym.shtml
2024年度秋粮收购进度（2025年3月31日）,2025-04-03,https://www.lswz.gov.cn/html/zmhd/lysj/lssg-szym.shtml
2024年度秋粮收购进度（2025年2月28日）,2025-03-07,https://www.lswz.gov.cn/html/zmhd/lysj/lssg-szym.shtml
2024年度秋粮收购进度（2025年1月31日）,2025-02-10,https://www.lswz.gov.cn/html/zmhd/lysj/lssg-szym.shtml
2024年度秋粮收购进度（2024年12月31日）,2025-01-03,https://www.lswz.gov.cn/html/zmhd/lysj/lssg-szym.shtml
2024年度主产区夏粮收购进度（9月30日）,2024-10-23,https://www.lswz.gov.cn/html/zmhd/lysj/lssg-szym.shtml
2024年度主产区夏粮收购进度（8月31日）,2024-09-04,https://www.lswz.gov.cn/html/zmhd/lysj/lssg-szym.shtml
2024年度主产区夏粮收购进度（7月31日）,2024-08-02,https://www.lswz.gov.cn/html/zmhd/lysj/lssg-szym.shtml
2024年度主产区夏粮收购进度（6月30日）,2024-07-15,https://www.lswz.gov.cn/html/zmhd/lysj/lssg-szym.shtml
2023年度主产区秋粮收购进度（2024年4月30日）,2024-05-15,https://www.lswz.gov.cn/html/zmhd/lysj/lssg-szym.shtml
2023年度主产区秋粮收购进度（2024年3月31日）,2024-04-25,https://www.lswz.gov.cn/html/zmhd/lysj/lssg-szym.shtml
2023年度主产区秋粮收购进度（2024年2月29日）,2024-03-07,https://www.lswz.gov.cn/html/zmhd/lysj/lssg-szym.shtml
2023年度主产区秋粮收购进度（2024年1月31日）,2024-02-06,https://www.lswz.gov.cn/html/zmhd/lysj/lssg-szym.shtml
2023年度主产区秋粮收购进度（12月31日）,2024-01-15,https://www.lswz.gov.cn/html/zmhd/lysj/lssg-szym.shtml
主产区秋粮收购进度（11月30日）,2023-12-05,https://www.lswz.gov.cn/html/zmhd/lysj/lssg-szym.shtml
